{
    "/data/cyf/repos/apache/httpd": 3.240635871887207,
    "/data/cyf/repos/curl/curl": 2.7670576572418213,
    "/data/cyf/repos/FFmpeg/FFmpeg": 15.604031801223755,
    "/data/cyf/repos/FreeRDP/FreeRDP": 6.05979323387146,
    "/data/cyf/repos/gnutls/gnutls": 3.021779775619507,
    "/data/cyf/repos/gpac/gpac": 9.220718383789062,
    "/data/cyf/repos/ImageMagick/ImageMagick": 4.308333158493042,
    "/data/cyf/repos/ImageMagick/ImageMagick6": 3.8466930389404297,
    "/data/cyf/repos/kamailio/kamailio": 10.540149450302124,
    "/data/cyf/repos/libarchive/libarchive": 2.1646504402160645,
    "/data/cyf/repos/LibreDWG/libredwg": 3.1819188594818115,
    "/data/cyf/repos/radareorg/radare2": 7.91034722328186,
    "/data/cyf/repos/torvalds/linux": 471.80245089530945,
    "/data/cyf/repos/uclouvain/openjpeg": 8.287801742553711,
    "/data/cyf/repos/wireshark/wireshark": 89.65725517272949
}